Topic Id,Top Words...
0,thursday delicious country normanâ oclock cookies fruit naval bradford œbunkâ health talmage career 23 wood cannon aleutian restaurant enter failed
1,don tomâ annie march 10 4 mrs busy made week war day 19 pennington 13 service nice car pleasant hot
2,godfrey duty enclosed played december board black harbor reading bed found capt cts peg hose westinghouse background pair entertained force
3,15 bought type sort address claires farm versatile afternoon birthday digest 41 stating stoves tea visiting treat french cook misty
4,page states colors porch man cake floor children genl œwe world daughter car july ring comfort feature picnic relief drove
5,today douglass april feb rained butter pennant mon happy call eve breakfast london told pearl composed evenings goldie alterations park
6,eleven regular armored graduate lights theyâ field bed duties reached drafting iâ machine clearing brown enjoys bell class pretty income
7,31 chilly young thinks wouldnâ february enroute nite friends attending street calif fond delays stayed studio camera piano gift lots
8,â tom evening letter home annie wed dinner 2 monday 30 00 june friday july afternoon recâ 1 work 5
9,1942 tom sunday ruth saturday day tues fine office long mr mrs september 7 picture january left spent december peggy
